<?xml version="1.0"?>
<configuration
    xmlns:xsi="http://www.w3.org/2001/XMLSchema-instance"
    xsi:noNamespaceSchemaLocation="JavaScriptConfiguration.xsd">

    <doclink
        url="http://www.w3.org/DOM/"
        descr="W3C Document Object Model (DOM) - Start"/>
    <doclink
        url="http://www.w3.org/DOM/TR/"
        descr="W3C Document Object Model (DOM) - Technical Reports"/>
    <doclink
        url="http://www.mozilla.org/docs/dom/"
        descr="The Document Object Model in Mozilla"/>
    <doclink
        url="http://msdn.microsoft.com/workshop/author/dhtml/reference/dhtml_reference_entry.asp"
        descr="HTML and DHTML Reference on MSDN"/>

    <class name="ActiveXObject" classname="com.gargoylesoftware.htmlunit.javascript.host.ActiveXObject"
        JSObject="true">
        <browser name="Microsoft Internet Explorer" min-version="4"/>
    </class>

    <class name="Anchor" extends="FocusableHostElement" classname="com.gargoylesoftware.htmlunit.javascript.host.Anchor"
        JSObject="true" htmlClass="com.gargoylesoftware.htmlunit.html.HtmlAnchor">
        <javascript min-version="1.2"/>
        
        <property name="href" readable="true" writable="true"/>
        <property name="name" notImplemented="true" readable="true" writable="true">
        </property>
        <property name="tabindex" notImplemented="true" readable="true" writable="true">
        </property>
        <property name="text" notImplemented="true" readable="true" writable="true">
            <browser name="Netscape" min-version="4" max-version="4.8"/>
        </property>
    </class>

    <class name="Area" extends="FocusableHostElement" classname="com.gargoylesoftware.htmlunit.javascript.host.FocusableHostElement"
        JSObject="false"  htmlClass="com.gargoylesoftware.htmlunit.html.HtmlArea">
    </class>

    <class name="Attribute" classname="com.gargoylesoftware.htmlunit.javascript.host.Attribute"
        JSObject="true">
        <property name="expando" readable="true" writable="false"/>
        <property name="firstChild" readable="true" writable="false"/>
        <property name="lastChild" readable="true" writable="false"/>
        <property name="name" readable="true" writable="false"/>
        <property name="nextSibling" readable="true" writable="false"/>
        <property name="nodeName" readable="true" writable="false"/>
        <property name="nodeType" readable="true" writable="false"/>
        <property name="nodeValue" readable="true" writable="false"/>
        <property name="ownerDocument" readable="true" writable="false"/>
        <property name="parentNode" readable="true" writable="false"/>
        <property name="previousSibling" readable="true" writable="false"/>
        <property name="specified" readable="true" writable="false"/>
        <property name="value" readable="true" writable="true"/>
    </class>

    <class name="Button" extends="FormField" classname="com.gargoylesoftware.htmlunit.javascript.host.Button"
        JSObject="true" htmlClass="com.gargoylesoftware.htmlunit.html.HtmlButton"/>

    <class name="ButtonInput" extends="Input" classname="com.gargoylesoftware.htmlunit.javascript.host.Input"
        JSObject="false" htmlClass="com.gargoylesoftware.htmlunit.html.HtmlButtonInput"/>

    <class name="CharacterDataImpl" extends="NodeImpl" classname="com.gargoylesoftware.htmlunit.javascript.host.CharacterDataImpl"
        JSObject="false">
        <property name="data" readable="true" writable="true"/>
        <property name="length" readable="true" writable="false"/>
        <property name="tabindex" notImplemented="true" readable="true" writable="true"/>
        
        <function name="appendData"/>
        <function name="deleteData"/>
        <function name="insertData"/>
        <function name="replaceData"/>
        <function name="substringData"/>
    </class>

    <class name="Checkbox" extends="Input" classname="com.gargoylesoftware.htmlunit.javascript.host.Input"
        JSObject="false" htmlClass="com.gargoylesoftware.htmlunit.html.HtmlCheckBoxInput"/>

    <class name="Document" extends="NodeImpl" classname="com.gargoylesoftware.htmlunit.javascript.host.Document"
        JSObject="true">
        <!-- NOT FINISHED -->

        <doclink
            url="http://www.w3.org/TR/2000/WD-DOM-Level-1-20000929/level-one-html.html#ID-7068919"
            descr="WC3 Documentation (Level 1)"/>
        <doclink
            url="http://msdn.microsoft.com/workshop/author/dhtml/reference/objects/obj_document.asp"
            descr="MSDN documentation"/>

        <property name="all" readable="true" writable="false">
            <browser name="Microsoft Internet Explorer" min-version="4"/>
        </property>
        <property name="alinkColor" notImplemented="true" readable="true" writable="false"/>
        <property name="anchors" readable="true" writable="false">
            <doclink
                url="http://msdn.microsoft.com/workshop/author/dhtml/reference/collections/anchors.asp"
                descr="MSDN documentation"/>
            <doclink
                url="http://www.mozilla.org/docs/dom/domref/dom_doc_ref4.html#1024543"
                descr="Gecko DOM reference"/>
        </property>
        <property name="applets" notImplemented="true" readable="true" writable="false"/>
        <property name="body" readable="true" writable="false"/>
        <property name="bgColor" notImplemented="true" readable="true" writable="false"/>
        <property name="cookie" readable="true" writable="true">
            <doclink
                url="http://msdn.microsoft.com/workshop/author/dhtml/reference/properties/cookie.asp"
                descr="MSDN documentation"/>
        </property>
        <property name="defaultView" readable="true" writable="false">
            <browser name="Netscape"/>
        </property>
        <property name="documentElement" readable="true" writable="false"/>
        <property name="domain" readable="true" writable="true">
            <doclink
                url="http://www.w3.org/TR/2000/WD-DOM-Level-1-20000929/level-one-html.html#ID-2250147"
                descr="WC3 Documentation (Level 1)"/>
        </property>
        <property name="embeds" notImplemented="true" readable="true" writable="false">
            <javascript min-version="1.1"/>
        </property>
        <property name="fgColor" notImplemented="true" readable="true" writable="false"/>
        <property name="forms" readable="true" writable="false"/>
        <property name="frames" readable="true" writable="false">
            <doclink
                url="http://msdn.microsoft.com/workshop/author/dhtml/reference/collections/frames.asp"
                descr="MSDN documentation"/>
            <browser name="Microsoft Internet Explorer"/>
        </property>
        <property name="images" readable="true" writable="false">
            <javascript min-version="1.1"/>
        </property>
        <property name="lastModified" notImplemented="true" readable="true" writable="false"/>
        <property name="linkColor" notImplemented="true" readable="true" writable="false"/>
        <property name="links" readable="true" writable="false"/>
        <property name="location" readable="true" writable="true">
            <doclink
                url="http://msdn.microsoft.com/workshop/author/dhtml/reference/objects/obj_location.asp"
                descr="MSDN documentation"/>
        </property>
        <property name="parentWindow" readable="true" writable="false">
            <browser name="Microsoft Internet Explorer"/>
        </property>
        <property name="plugins" notImplemented="true" readable="true" writable="false">
            <javascript min-version="1.1"/>
        </property>
        <property name="readyState" readable="true" writable="false">
            <browser name="Microsoft Internet Explorer" min-version="4"/>
        </property>
        <property name="referrer" readable="true" writable="false"/>
        <property name="scripts" readable="true" writable="false"/>
        <property name="title" readable="true" writable="true"/>
        <property name="URL" readable="true" writable="false"/>
        <property name="vlinkColor" notImplemented="true" readable="true" writable="false"/>

        <function name="clear" notImplemented="true"/>
        <function name="close"/>
        <function name="createAttribute"/>
        <function name="createElement"/>
        <function name="createTextNode"/>
        <function name="getElementById"/>
        <function name="getElementsByName"/>        
        <function name="getElementsByTagName"/>
        <function name="open">
            <doclink
                url="http://msdn.microsoft.com/workshop/author/dhtml/reference/methods/open_1.asp"
                descr="MSDN documentation"/>
        </function>
        <function name="write"/>
        <function name="writeln"/>
    </class>

    <class name="Event" classname="com.gargoylesoftware.htmlunit.javascript.host.Event"
        JSObject="false">
        <doclink
            url="http://www.w3.org/TR/DOM-Level-2-Events/events.html#Events-Event"
            descr="W3C Document Object Model (DOM) Level 2"/>
        <property name="target" readable="true" writable="false">
            <browser name="Netscape" min-version="6"/>
        </property>
        <property name="currentTarget" readable="true" writable="false">
            <browser name="Netscape" min-version="6"/>
        </property>
        <property name="srcElement" readable="true" writable="true">
            <doclink
                url="http://msdn.microsoft.com/workshop/author/dhtml/reference/properties/srcelement.asp"
                descr="MSDN documentation"/>
            <browser name="Microsoft Internet Explorer" min-version="5"/>
        </property>
        <property name="keyCode" readable="true" writable="false"/>
    </class>

    <class name="FileUpload" extends="Input" classname="com.gargoylesoftware.htmlunit.javascript.host.Input"
        JSObject="false" htmlClass="com.gargoylesoftware.htmlunit.html.HtmlFileInput">
        <!-- NOT FINISHED -->
    </class>

    <class name="FocusableHostElement" extends="HTMLElement" classname="com.gargoylesoftware.htmlunit.javascript.host.FocusableHostElement"
        JSObject="true">
        <function name="blur"/>
        <function name="focus"/>
    </class>

    <class name="Form" extends="HTMLElement" classname="com.gargoylesoftware.htmlunit.javascript.host.Form"
        JSObject="true" htmlClass="com.gargoylesoftware.htmlunit.html.HtmlForm">
        <!-- NOT FINISHED -->

        <doclink
            url="http://msdn.microsoft.com/workshop/author/dhtml/reference/objects/form.asp"
            descr="MSDN documentation"/>

        <property name="action" readable="true" writable="true"/>
        <property name="elements" readable="true" writable="false"/>
        <property name="encoding" readable="true" writable="true"/>
        <property name="length" readable="true" writable="false"/>
        <property name="method" readable="true" writable="true"/>
        <property name="name" readable="true" writable="true"/>
        <property name="onsubmit" readable="true" writable="true"/>
        <property name="target" readable="true" writable="true"/>

        <function name="reset"/>
        <function name="submit"/>
    </class>


    <class name="FormField" extends="FocusableHostElement" classname="com.gargoylesoftware.htmlunit.javascript.host.FormField"
        JSObject="false">
        <property name="disabled" readable="true" writable="true"/>
        <property name="form" notImplemented="true" readable="true" writable="true"/>
        <property name="form" readable="true" writable="false"/>
        <property name="name" readable="true" writable="true"/>
        <property name="onchange" readable="true" writable="true">
            <browser name="Microsoft Internet Explorer" min-version="4"/>
            <browser name="Netscape" min-version="3"/>
        </property>
        <property name="tabindex" readable="true" writable="false"/>
        <property name="tabindex" notImplemented="true" readable="true" writable="true"/>
        <property name="type" readable="true" writable="false">
            <javascript min-version="1.1"/>
        </property>
        <property name="value" readable="true" writable="true"/>
        <!-- This property is only in DOM1 so it  -->

        <function name="click"/>
        <function name="select"/>
    </class>

    <class name="Frame" extends="HTMLElement" classname="com.gargoylesoftware.htmlunit.javascript.host.Frame"
        JSObject="true"  htmlClass="com.gargoylesoftware.htmlunit.html.HtmlFrame">
        <property name="onload" readable="true" writable="true">
            <browser name="Microsoft Internet Explorer" min-version="4"/>
            <browser name="Netscape" min-version="3"/>
        </property>
        <property name="src" readable="true" writable="true"/>
        <property name="contentDocument" readable="true" writable="false">
            <browser name="Netscape"/>
        </property>
        <property name="contentWindow" readable="true" writable="false"/>
    </class>

    <class name="FrameInline" extends="Frame" classname="com.gargoylesoftware.htmlunit.javascript.host.Frame"
        JSObject="false"  htmlClass="com.gargoylesoftware.htmlunit.html.HtmlInlineFrame">
    </class>

    <class name="Hidden" extends="Input" classname="com.gargoylesoftware.htmlunit.javascript.host.Input"
        JSObject="false" htmlClass="com.gargoylesoftware.htmlunit.html.HtmlHiddenInput">
        <!-- NOT FINISHED -->
    </class>

    <class name="History" classname="com.gargoylesoftware.htmlunit.javascript.host.History"
        JSObject="true">
        <property name="length" readable="true" writable="false"/>

        <function name="back"/>
        <function name="forward"/>
        <function name="go"/>
    </class>

    <class name="HTMLElement" extends="NodeImpl" classname="com.gargoylesoftware.htmlunit.javascript.host.HTMLElement"
        JSObject="true" htmlClass="com.gargoylesoftware.htmlunit.html.HtmlElement">
        <property name="all" readable="true" writable="false">
            <browser name="Microsoft Internet Explorer" min-version="4"/>
        </property>
        <property name="children" readable="true" writable="false">
            <doclink
                url="http://msdn.microsoft.com/workshop/author/dhtml/reference/collections/children.asp"
                descr="MSDN documentation"/>
            <browser name="Microsoft Internet Explorer" min-version="5.5"/>
        </property>
        <property name="className" readable="true" writable="true">
            <browser name="Microsoft Internet Explorer" min-version="4"/>
            <browser name="Netscape" min-version="6"/>
        </property>
        <property name="disabled" readable="true" writable="true">
            <browser name="Microsoft Internet Explorer" min-version="4"/>
        </property>
        <property name="document" notImplemented="true" readable="true" writable="false">
            <browser name="Microsoft Internet Explorer" min-version="4"/>
        </property>
        <property name="id" readable="true" writable="true">
            <browser name="Microsoft Internet Explorer" min-version="4"/>
            <browser name="Netscape" min-version="6"/>
        </property>
        <property name="innerHTML" readable="true" writable="true">
            <browser name="Microsoft Internet Explorer" min-version="4"/>
            <browser name="Netscape" min-version="6"/>
        </property>
        <property name="innerText" readable="true" writable="true">
            <browser name="Microsoft Internet Explorer" min-version="4"/>
        </property>
        <property name="lang" notImplemented="true" readable="true" writable="true">
            <browser name="Microsoft Internet Explorer" min-version="4"/>
            <browser name="Netscape" min-version="6"/>
        </property>
        <property name="offsetHeight" readable="true" writable="false"/>
        <property name="offsetLeft" readable="true" writable="false"/>
        <property name="offsetParent" readable="true" writable="false">
            <doclink
                url="http://msdn.microsoft.com/workshop/author/dhtml/reference/properties/offsetparent.asp"
                descr="MSDN documentation"/>
            <doclink
                url="http://www.mozilla.org/docs/dom/domref/dom_el_ref20.html"
                descr="Gecko DOM reference"/>
            <doclink
                url="http://www.webreference.com/dhtml/diner/realpos1/5.html"
                descr="DHTML Lab"/>
            <browser name="Microsoft Internet Explorer" min-version="4"/>
        </property>
        <property name="offsetTop" readable="true" writable="false"/>
        <property name="offsetWidth" readable="true" writable="false"/>
        <property name="onclick" readable="true" writable="true">
            <browser name="Microsoft Internet Explorer" min-version="4"/>
            <browser name="Netscape" min-version="3"/>
        </property>
        <property name="ondblclick" readable="true" writable="true">
            <browser name="Microsoft Internet Explorer" min-version="4"/>
            <browser name="Netscape" min-version="3"/>
        </property>
        <property name="onblur" readable="true" writable="true">
            <browser name="Microsoft Internet Explorer" min-version="4"/>
            <browser name="Netscape" min-version="3"/>
        </property>
        <property name="onfocus" readable="true" writable="true">
            <browser name="Microsoft Internet Explorer" min-version="4"/>
            <browser name="Netscape" min-version="3"/>
        </property>
        <property name="onkeydown" readable="true" writable="true">
            <browser name="Microsoft Internet Explorer" min-version="4"/>
            <browser name="Netscape" min-version="3"/>
        </property>
        <property name="onkeypress" readable="true" writable="true">
            <browser name="Microsoft Internet Explorer" min-version="4"/>
            <browser name="Netscape" min-version="3"/>
        </property>
        <property name="onkeyup" readable="true" writable="true">
            <browser name="Microsoft Internet Explorer" min-version="4"/>
            <browser name="Netscape" min-version="3"/>
        </property>
        <property name="onmousedown" readable="true" writable="true">
            <browser name="Microsoft Internet Explorer" min-version="4"/>
            <browser name="Netscape" min-version="3"/>
        </property>
        <property name="onmousemove" readable="true" writable="true">
            <browser name="Microsoft Internet Explorer" min-version="4"/>
            <browser name="Netscape" min-version="3"/>
        </property>
        <property name="onmouseout" readable="true" writable="true">
            <browser name="Microsoft Internet Explorer" min-version="4"/>
            <browser name="Netscape" min-version="3"/>
        </property>
        <property name="onmouseover" readable="true" writable="true">
            <browser name="Microsoft Internet Explorer" min-version="4"/>
            <browser name="Netscape" min-version="3"/>
        </property>
        <property name="onmouseup" readable="true" writable="true">
            <browser name="Microsoft Internet Explorer" min-version="4"/>
            <browser name="Netscape" min-version="3"/>
        </property>
        <property name="onresize" readable="true" writable="true">
            <browser name="Microsoft Internet Explorer" min-version="4"/>
            <browser name="Netscape" min-version="3"/>
        </property>
        <property name="outerHTML" readable="true" writable="true">
            <doclink
                url="http://msdn.microsoft.com/workshop/author/dhtml/reference/properties/outerhtml.asp"
                descr="MSDN documentation"/>
            <browser name="Microsoft Internet Explorer" min-version="4"/>
        </property>
        <property name="outerText" notImplemented="true" readable="true" writable="true">
            <browser name="Microsoft Internet Explorer" min-version="4"/>
        </property>
        <property name="ownerDocument" readable="true" writable="false"/>
        <property name="parentElement" notImplemented="true" readable="true" writable="false">
            <browser name="Microsoft Internet Explorer" min-version="4"/>
        </property>
        <property name="scrollHeight" readable="true" writable="false"/>
        <property name="scrollLeft" readable="true" writable="true"/>
        <property name="scrollTop" readable="true" writable="true"/>
        <property name="scrollWidth" readable="true" writable="false"/>
        <property name="sourceIndex" notImplemented="true" readable="true" writable="false">
            <browser name="Microsoft Internet Explorer" min-version="4"/>
        </property>
        <property name="style" readable="true" writable="false">
            <browser name="Microsoft Internet Explorer" min-version="4"/>
            <browser name="Netscape" min-version="6"/>
        </property>
        <property name="tagName" readable="true" writable="false">
            <browser name="Microsoft Internet Explorer" min-version="4"/>
            <browser name="Netscape" min-version="6"/>
        </property>
        <property name="title" notImplemented="true" readable="true" writable="true">
            <browser name="Microsoft Internet Explorer" min-version="4"/>
            <browser name="Netscape" min-version="6"/>
        </property>
        
        <function name="addBehavior">
            <browser name="Microsoft Internet Explorer" min-version="5"/>
        </function>
        <function name="contains" notImplemented="true">
            <browser name="Microsoft Internet Explorer" min-version="4"/>
        </function>
        <function name="getAttribute">
            <browser name="Microsoft Internet Explorer" min-version="4"/>
            <browser name="Netscape" min-version="6"/>
        </function>
        <function name="getAttributeNode"/>
        <function name="getElementsByTagName"/>
        <function name="handleEvent" notImplemented="true"/>
        <function name="insertAdjacentHTML">
            <doclink
                url="http://msdn.microsoft.com/workshop/author/dhtml/reference/methods/insertadjacenthtml.asp"
                descr="MSDN documentation"/>
            <browser name="Microsoft Internet Explorer" min-version="4"/>
        </function>
        <function name="insertAdjacentText" notImplemented="true">
            <browser name="Microsoft Internet Explorer" min-version="4"/>
        </function>
        <function name="onhelp" notImplemented="true">
            <browser name="Microsoft Internet Explorer" min-version="4"/>
        </function>
        <function name="removeAttribute">
            <browser name="Microsoft Internet Explorer" min-version="4"/>
            <browser name="Netscape" min-version="6"/>
        </function>
        <function name="scrollIntoView" notImplemented="true">
            <browser name="Microsoft Internet Explorer" min-version="4"/>
        </function>
        <function name="setAttribute">
            <browser name="Microsoft Internet Explorer" min-version="4"/>
            <browser name="Netscape" min-version="6"/>
        </function>
        <function name="setAttributeNode"/>
        <function name="removeBehavior">
            <browser name="Microsoft Internet Explorer" min-version="5"/>
        </function>
    </class>

    <class name="Image" extends="HTMLElement" classname="com.gargoylesoftware.htmlunit.javascript.host.Image"
        JSObject="true" htmlClass="com.gargoylesoftware.htmlunit.html.HtmlImage">
        <property name="src" readable="true" writable="true"/>
    </class>

    <class name="ImageInput" extends="Input" classname="com.gargoylesoftware.htmlunit.javascript.host.Input"
        JSObject="false" htmlClass="com.gargoylesoftware.htmlunit.html.HtmlImageInput">
        <!-- NOT FINISHED -->
    </class>

    <class name="Input" extends="FormField" classname="com.gargoylesoftware.htmlunit.javascript.host.Input"
        JSObject="true">
        <property name="checked" readable="true" writable="true"/>
        <property name="defaultChecked" readable="true" writable="true">
            <doclink
                url="http://msdn.microsoft.com/workshop/author/dhtml/reference/properties/defaultchecked.asp"
                descr="MSDN documentation"/>
        </property>
        <property name="defaultValue" readable="true" writable="true">
            <doclink
                url="http://msdn.microsoft.com/workshop/author/dhtml/reference/properties/defaultvalue.asp"
                descr="MSDN documentation"/>
        </property>
        <property name="type" readable="true" writable="true">
            <javascript min-version="1.1"/>
        </property>
    </class>

    <class name="Label" extends="FocusableHostElement" classname="com.gargoylesoftware.htmlunit.javascript.host.FocusableHostElement"
        JSObject="false"  htmlClass="com.gargoylesoftware.htmlunit.html.HtmlLabel">
    </class>

    <class name="Location" classname="com.gargoylesoftware.htmlunit.javascript.host.Location"
        JSObject="true">
        <property name="hash" readable="true" writable="true"/>
        <property name="host" readable="true" writable="true"/>
        <property name="hostname" readable="true" writable="true"/>
        <property name="href" readable="true" writable="true"/>
        <property name="pathname" readable="true" writable="true"/>
        <property name="port" readable="true" writable="true"/>
        <property name="protocol" readable="true" writable="true"/>
        <property name="search" readable="true" writable="true"/>

        <function name="assign"/>
        <function name="reload"/>
        <function name="replace"/>
    </class>

    <class name="Navigator" classname="com.gargoylesoftware.htmlunit.javascript.host.Navigator"
        JSObject="true">
        <doclink
            url="http://msdn.microsoft.com/workshop/author/dhtml/reference/objects/obj_navigator.asp"
            descr="MSDN documentation"/>
        
        <property name="appCodeName" readable="true" writable="false"/>
        <property name="appMinorVersion" readable="true" writable="false"/>
        <property name="appName" readable="true" writable="false"/>
        <property name="appVersion" readable="true" writable="false"/>
        <property name="browserLanguage" readable="true" writable="false">
            <browser name="Microsoft Internet Explorer"/>
        </property>
        <property name="cookieEnabled" readable="true" writable="false"/>
        <property name="cpuClass" readable="true" writable="false"/>
        <property name="language" readable="true" writable="false">
            <browser name="Netscape"/>
        </property>
        <property name="mimeTypes" readable="true" writable="false"/>
        <property name="onLine" readable="true" writable="false"/>
        <property name="platform" readable="true" writable="false"/>
        <property name="plugins" readable="true" writable="false"/>
        <property name="systemLanguage" readable="true" writable="false"/>
        <property name="userAgent" readable="true" writable="false"/>
        <property name="userLanguage" readable="true" writable="false"/>
    
        <function name="javaEnabled"/>
        <function name="taintEnabled"/>
    </class>

    <class name="NodeImpl" classname="com.gargoylesoftware.htmlunit.javascript.host.NodeImpl"
        JSObject="false">
        <property name="childNodes" readable="true" writable="false"/>
        <property name="firstChild" readable="true" writable="false"/>
        <property name="lastChild" readable="true" writable="false"/>
        <property name="nextSibling" readable="true" writable="false"/>
        <property name="nodeName" readable="true" writable="false"/>
        <property name="nodeType" readable="true" writable="false"/>
        <property name="nodeValue" readable="true" writable="true"/>
        <property name="parentNode" readable="true" writable="false"/>
        <property name="previousSibling" readable="true" writable="false"/>

        <function name="addEventListener">
            <doclink url="http://developer.mozilla.org/en/docs/DOM:element.addEventListener"
                    descr="Mozilla documentation"/>
            <browser name="Netscape"/>
        </function>
        <function name="attachEvent">
            <doclink url="http://msdn.microsoft.com/workshop/author/dhtml/reference/methods/attachevent.asp"
                    descr="MSDN documentation"/>
            <browser name="Microsoft Internet Explorer"/>
        </function>
        <function name="removeEventListener">
            <doclink url="http://developer.mozilla.org/en/docs/DOM:element.removeEventListener"
                    descr="Mozilla documentation"/>
            <browser name="Netscape"/>
        </function>
        <function name="detachEvent">
            <doclink url="http://msdn.microsoft.com/workshop/author/dhtml/reference/methods/detachevent.asp"
                    descr="MSDN documentation"/>
            <browser name="Microsoft Internet Explorer"/>
        </function>
        <function name="appendChild"/>
        <function name="cloneNode"/>
        <function name="hasChildNodes"/>
        <function name="insertBefore"/>
        <function name="removeChild"/>
        <function name="replaceChild"/>
    </class>

    <class name="Option" extends="HTMLElement" classname="com.gargoylesoftware.htmlunit.javascript.host.Option"
        JSObject="true" htmlClass="com.gargoylesoftware.htmlunit.html.HtmlOption">
        <property name="defaultSelected" notImplemented="true" readable="true" writable="false"/>
        <property name="selected" readable="true" writable="true"/>
        <property name="text" readable="true" writable="true"/>
        <property name="value" readable="true" writable="true"/>
    </class>

    <class name="Password" extends="Input" classname="com.gargoylesoftware.htmlunit.javascript.host.Input"
        JSObject="false" htmlClass="com.gargoylesoftware.htmlunit.html.HtmlPasswordInput">
        <!-- NOT FINISHED -->
    </class>

    <class name="Popup" classname="com.gargoylesoftware.htmlunit.javascript.host.Popup" JSObject="true">
      <doclink url="http://msdn.microsoft.com/workshop/author/dhtml/reference/objects/popup.asp" descr="MSDN documentation"/>
      <browser name="Microsoft Internet Explorer"/>
      <property name="document" readable="true" writable="false"/>
      <property name="isOpen" readable="true" writable="false"/>
      <function name="hide"/>
      <function name="show"/>
    </class>

    <class name="Radio" extends="Input" classname="com.gargoylesoftware.htmlunit.javascript.host.Input"
        JSObject="false" htmlClass="com.gargoylesoftware.htmlunit.html.HtmlRadioButtonInput">
        <!-- NOT FINISHED -->
    </class>

    <class name="RowContainer" extends="HTMLElement" classname="com.gargoylesoftware.htmlunit.javascript.host.RowContainer"
        JSObject="true">
        <property name="rows" readable="true" writable="false"/>
        
        <function name="deleteRow">
            <doclink
                url="http://msdn.microsoft.com/workshop/author/dhtml/reference/methods/deleterow.asp"
                descr="MSDN documentation"/>
        </function>
        <function name="insertRow">
            <doclink
                url="http://msdn.microsoft.com/workshop/author/dhtml/reference/methods/insertrow.asp"
                descr="MSDN documentation"/>
            <doclink
                url="http://www.mozilla.org/docs/dom/domref/dom_html_ref31.html"
                descr="Gecko DOM Reference"/>
            <doclink
                url="http://www.w3.org/TR/2003/REC-DOM-Level-2-HTML-20030109/html.html#ID-39872903"
                descr="W3C Document Object Model (DOM) Level 2"/>
        </function>
        <function name="moveRow"/>
    </class>

    <class name="Reset" extends="Input" classname="com.gargoylesoftware.htmlunit.javascript.host.Input"
        JSObject="false" htmlClass="com.gargoylesoftware.htmlunit.html.HtmlResetInput">
        <!-- NOT FINISHED -->
    </class>

    <class name="Screen" classname="com.gargoylesoftware.htmlunit.javascript.host.Screen"
        JSObject="true">
        <doclink
            url="http://msdn.microsoft.com/workshop/author/dhtml/reference/objects/obj_screen.asp"
            descr="MSDN documentation"/>
        <doclink
            url="http://www.mozilla.org/docs/dom/domref/dom_window_ref.html"
            descr="Mozilla documentation"/>
        
        <property name="availHeight" readable="true" writable="false"/>
        <property name="availLeft" readable="true" writable="false"/>
        <property name="availTop" readable="true" writable="false"/>
        <property name="availWidth" readable="true" writable="false"/>
        <property name="bufferDepth" readable="true" writable="true"/>
        <property name="colorDepth" readable="true" writable="false"/>
        <property name="deviceXDPI" readable="true" writable="false"/>
        <property name="deviceYDPI" readable="true" writable="false"/>
        <property name="fontSmoothingEnabled" readable="true" writable="false"/>
        <property name="height" readable="true" writable="false"/>
        <property name="left" readable="true" writable="true"/>
        <property name="logicalXDPI" readable="true" writable="false"/>
        <property name="logicalYDPI" readable="true" writable="false"/>
        <property name="pixelDepth" readable="true" writable="false"/>
        <property name="top" readable="true" writable="true"/>
        <property name="updateInterval" readable="true" writable="true"/>
        <property name="width" readable="true" writable="false"/>
    </class>

    <class name="Select" extends="FormField" classname="com.gargoylesoftware.htmlunit.javascript.host.Select"
        JSObject="true" htmlClass="com.gargoylesoftware.htmlunit.html.HtmlSelect">
        <!-- NOT FINISHED -->
        
        <property name="length" readable="true" writable="true"/>
        <property name="options" readable="true" writable="false"/>
        <property name="selectedIndex" readable="true" writable="true"/>
        
        <function name="add"/>
        <function name="remove"/>
    </class>

    <class name="Style" classname="com.gargoylesoftware.htmlunit.javascript.host.Style"
        JSObject="true">
        <property name="behavior" readable="true" writable="true">
            <browser name="Microsoft Internet Explorer"/>
        </property>
    </class>

    <class name="Submit" extends="Input" classname="com.gargoylesoftware.htmlunit.javascript.host.Input"
        JSObject="false" htmlClass="com.gargoylesoftware.htmlunit.html.HtmlSubmitInput">
        <!-- NOT FINISHED -->
<!-- 
        <property name="length" readable="true" writable="false"/>
 -->
    </class>

    <class name="Table" extends="RowContainer" classname="com.gargoylesoftware.htmlunit.javascript.host.Table"
        JSObject="true" htmlClass="com.gargoylesoftware.htmlunit.html.HtmlTable">
        <property name="caption" readable="true" writable="false"/>
        <property name="tBodies" readable="true" writable="false"/>
        <property name="tFoot" readable="true" writable="false"/>
        <property name="tHead" readable="true" writable="false"/>
        
        <function name="createCaption">
            <doclink
                url="http://msdn.microsoft.com/workshop/author/dhtml/reference/methods/createcaption.asp"
                descr="MSDN documentation"/>
        </function>
        <function name="createTFoot">
            <doclink
                url="http://msdn.microsoft.com/workshop/author/dhtml/reference/methods/createtfoot.asp"
                descr="MSDN documentation"/>
        </function>
        <function name="createTHead">
            <doclink
                url="http://msdn.microsoft.com/workshop/author/dhtml/reference/methods/createthead.asp"
                descr="MSDN documentation"/>
        </function>
        <function name="deleteCaption">
            <doclink
                url="http://msdn.microsoft.com/workshop/author/dhtml/reference/methods/deletecaption.asp"
                descr="MSDN documentation"/>
        </function>
        <function name="deleteTFoot">
            <doclink
                url="http://msdn.microsoft.com/workshop/author/dhtml/reference/methods/deletecaption.asp"
                descr="MSDN documentation"/>
        </function>
        <function name="deleteTHead">
            <doclink
                url="http://msdn.microsoft.com/workshop/author/dhtml/reference/methods/deletethead.asp"
                descr="MSDN documentation"/>
        </function>
    </class>

    <class name="TableBody" extends="RowContainer" classname="com.gargoylesoftware.htmlunit.javascript.host.TableBody"
        JSObject="true" htmlClass="com.gargoylesoftware.htmlunit.html.HtmlTableBody"/>

    <class name="TableCell" extends="HTMLElement" classname="com.gargoylesoftware.htmlunit.javascript.host.TableCell"
        JSObject="true" htmlClass="com.gargoylesoftware.htmlunit.html.HtmlTableCell">
        <doclink
            url="http://www.w3.org/TR/2003/REC-DOM-Level-2-HTML-20030109/html.html#ID-82915075"
            descr="W3C DOM Level 2"/>
        <doclink
            url="http://msdn.microsoft.com/workshop/author/dhtml/reference/objects/th.asp"
            descr="MSDN documentation (TH)"/>
        <doclink
            url="http://msdn.microsoft.com/workshop/author/dhtml/reference/objects/td.asp"
            descr="MSDN documentation (TD)"/>
        <property name="cellIndex" readable="true" writable="false">
            <doclink
                url="http://www.w3.org/TR/2003/REC-DOM-Level-2-HTML-20030109/html.html#ID-80748363"
                descr="W3C DOM Level 2"/>
            <doclink
                url="http://msdn.microsoft.com/workshop/author/dhtml/reference/properties/cellindex.asp"
                descr="MSDN documentation"/>
        </property>
    </class>

    <class name="TableFooter" extends="RowContainer" classname="com.gargoylesoftware.htmlunit.javascript.host.TableFooter"
        JSObject="true" htmlClass="com.gargoylesoftware.htmlunit.html.HtmlTableFooter"/>

    <class name="TableHeader" extends="RowContainer" classname="com.gargoylesoftware.htmlunit.javascript.host.TableHeader"
        JSObject="true" htmlClass="com.gargoylesoftware.htmlunit.html.HtmlTableHeader"/>

    <class name="TableRow" extends="HTMLElement" classname="com.gargoylesoftware.htmlunit.javascript.host.TableRow"
        JSObject="true" htmlClass="com.gargoylesoftware.htmlunit.html.HtmlTableRow">
        <doclink
            url="http://www.w3.org/TR/2003/REC-DOM-Level-2-HTML-20030109/html.html#ID-6986576"
            descr="W3c DOM Level 2"/>
        <doclink
            url="http://msdn.microsoft.com/workshop/author/dhtml/reference/objects/tr.asp"
            descr="MSDN documentation"/>
        <property name="cells" readable="true" writable="false"/>
        <property name="rowIndex" readable="true" writable="false">
            <doclink
                url="http://www.w3.org/TR/2003/REC-DOM-Level-2-HTML-20030109/html.html#ID-67347567"
                descr="W3c DOM Level 2"/>
            <doclink
                url="http://msdn.microsoft.com/workshop/author/dhtml/reference/properties/rowindex.asp"
                descr="MSDN documentation"/>
        </property>
        <function name="insertCell">
            <doclink
                url="http://www.w3.org/TR/2003/REC-DOM-Level-2-HTML-20030109/html.html#ID-68927016"
                descr="W3c DOM Level 2"/>
            <doclink
                url="http://msdn.microsoft.com/workshop/author/dhtml/reference/methods/insertcell.asp"
                descr="MSDN documentation"/>
        </function>
    </class>

    <class name="Text" extends="Input" classname="com.gargoylesoftware.htmlunit.javascript.host.Input"
        JSObject="false" htmlClass="com.gargoylesoftware.htmlunit.html.HtmlTextInput">
        <!-- NOT FINISHED -->
    </class>

    <class name="Textarea" extends="FormField" classname="com.gargoylesoftware.htmlunit.javascript.host.Textarea"
        JSObject="true" htmlClass="com.gargoylesoftware.htmlunit.html.HtmlTextArea">
        <!-- NOT FINISHED -->
        <property name="defaultValue" readable="true" writable="true">
            <doclink
                url="http://msdn.microsoft.com/workshop/author/dhtml/reference/properties/defaultvalue.asp"
                descr="MSDN documentation"/>
        </property>
    </class>

    <class name="TextImpl" extends="CharacterDataImpl" classname="com.gargoylesoftware.htmlunit.javascript.host.TextImpl"
        JSObject="true" htmlClass="com.gargoylesoftware.htmlunit.html.DomText">
        <function name="splitText"/>
    </class>

    <class name="Window" classname="com.gargoylesoftware.htmlunit.javascript.host.Window"
        JSObject="true">
        <!-- NOT FINISHED -->
        
        <doclink url="http://msdn.microsoft.com/workshop/author/dhtml/reference/objects/obj_window.asp"
                descr="MSDN documentation"/>

        <property name="closed" readable="true" writable="false"/>
        <property name="document" readable="true" writable="false"/>
        <property name="event" readable="true" writable="false">
            <browser name="Microsoft Internet Explorer"/>
        </property>
        <property name="frameElement" readable="true" writable="false"/>
        <property name="frames" readable="true" writable="false"/>
        <property name="history" readable="true" writable="false"/>
        <property name="innerHeight" readable="true" writable="false">
            <browser name="Netscape"/>
        </property>
        <property name="innerWidth" readable="true" writable="false">
            <browser name="Netscape"/>
        </property>
        <property name="location" readable="true" writable="true">
            <browser name="Netscape" min-version="3"/>
            <browser name="Microsoft Internet Explorer" min-version="3"/>
            <javascript min-version="1"/>
        </property>
        <property name="name" readable="true" writable="true"/>
        <property name="navigator" readable="true" writable="false"/>
        <property name="onerror" readable="true" writable="true">
            <browser name="Microsoft Internet Explorer" min-version="3" max-version="5"/>
        </property>
        <property name="onload" readable="true" writable="true"/>
        <property name="opener" readable="true" writable="false"/>
        <property name="outerHeight" readable="true" writable="false">
            <browser name="Netscape"/>
        </property>
        <property name="outerWidth" readable="true" writable="false">
            <browser name="Netscape"/>
        </property>
        <property name="parent" readable="true" writable="false"/>
        <property name="screen" readable="true" writable="false"/>
        <property name="self" readable="true" writable="false"/>
        <property name="status" readable="true" writable="true"/>
        <property name="top" readable="true" writable="false"/>
        <property name="window" readable="true" writable="false"/>
        
        <function name="addEventListener">
            <doclink url="http://developer.mozilla.org/en/docs/DOM:element.addEventListener"
                    descr="Mozilla documentation"/>
            <browser name="Netscape"/>
        </function>
        <function name="alert"/>
        <function name="attachEvent">
            <doclink url="http://msdn.microsoft.com/workshop/author/dhtml/reference/methods/attachevent.asp"
                    descr="MSDN documentation"/>
            <browser name="Microsoft Internet Explorer"/>
        </function>
        <function name="blur"/>
        <function name="clearInterval">
            <doclink url="http://msdn.microsoft.com/workshop/author/dhtml/reference/methods/clearinterval.asp"
                    descr="MSDN documentation"/>
        </function>
        <function name="clearTimeout"/>
        <function name="close"/>
        <function name="confirm"/>
        <function name="createPopup">
            <doclink url="http://msdn.microsoft.com/workshop/author/dhtml/reference/methods/createpopup.asp"
                    descr="MSDN documentation"/>
            <browser name="Microsoft Internet Explorer"/>
        </function>
        <function name="detachEvent">
            <doclink url="http://msdn.microsoft.com/workshop/author/dhtml/reference/methods/detachevent.asp"
                    descr="MSDN documentation"/>
            <browser name="Microsoft Internet Explorer"/>
        </function>
        <function name="execScript">
            <doclink url="http://msdn.microsoft.com/workshop/author/dhtml/reference/methods/execscript.asp"
                    descr="MSDN documentation"/>
            <browser name="Microsoft Internet Explorer"/>
        </function>
        <function name="eval"/>
        <function name="focus"/>
        <function name="moveBy"/>
        <function name="moveTo"/>
        <function name="open"/>
        <function name="prompt"/>
        <function name="print"/>
        <function name="removeEventListener">
            <doclink url="http://developer.mozilla.org/en/docs/DOM:element.removeEventListener"
                    descr="Mozilla documentation"/>
            <browser name="Netscape"/>
        </function>
        <function name="resizeTo"/>
        <function name="scroll"/>
        <function name="scrollBy"/>
        <function name="scrollByLines"/>
        <function name="scrollByPages"/>
        <function name="scrollTo"/>
        <function name="setInterval">
            <doclink
                url="http://msdn.microsoft.com/workshop/author/dhtml/reference/methods/setinterval.asp"
                descr="MSDN documentation"/>
        </function>
        <function name="setTimeout"/>
    </class>

    <class name="XMLHttpRequest" classname="com.gargoylesoftware.htmlunit.javascript.host.XMLHttpRequest" JSObject="true">
      <doclink url="http://developer.apple.com/internet/webcontent/xmlhttpreq.html" descr="Safari documentation"/>
      <browser name="Netscape"/>
      <property name="onreadystatechange" readable="true" writable="true"/>
      <property name="readyState" readable="true" writable="false"/>
      <property name="responseText" readable="true" writable="false"/>
      <property name="responseXML" readable="true" writable="false"/>
      <property name="status" readable="true" writable="false"/>
      <property name="statusText" readable="true" writable="false"/>
      <function name="abort"/>
      <function name="getAllResponseHeaders"/>
      <function name="getResponseHeader"/>
      <function name="open"/>
      <function name="send"/>
      <function name="setRequestHeader"/>
    </class>
</configuration>
