<?xml version="1.0" encoding="UTF-8"?>
<project xmlns:j="jelly:core" xmlns:u="jelly:util">
  <goal name="rebuild-all" prereqs="multiproject:install,multiproject:site" />
  <goal name="nightly" prereqs="rebuild-all,prepare-snapshot,site:sshdeploy" />
  <postGoal name="dist:prepare-src-filesystem">
    <copy todir="${maven.dist.src.assembly.dir}">
      <fileset dir=".">
        <include name="xdocs/**/*.*" />
        <include name="checkstyle.xml" />
        <include name="clover.license" />
      </fileset>
    </copy>
  </postGoal>
  <!-- zip and copy snapshot build for deploy -->
  <goal name="prepare-snapshot" prereqs="dist:build">
    <copy todir="${maven.build.dir}/docs/nightly">
      <fileset dir="${maven.build.dir}/distributions" />
    </copy>
  </goal>
</project>