<?xml version="1.0"?>
<document>

    <properties>
        <title>Jelly Reference</title>
        <author email="mbowler@GargoyleSoftware.com">Mike Bowler</author>
        <author email="mguillem@users.sourceforge.net">Marc Guillemot</author>
        <revision>$Revision: 1217 $</revision>
    </properties>

    <body>
        <section>
            <p>
            	<a href="http://jakarta.apache.org/commons/jelly">Jelly</a> support has been removed after release 1.9. 
            	Consider using <a href="http://webtest.canoo.com">WebTest</a> (which uses HtmlUnit) to write xml test scripts
            </p>
        </section>
    </body>
</document>

