<?xml version="1.0" encoding="ISO-8859-1"?>

<project name="HtmlUnit">

    <properties>
        <title>HtmlUnit</title>
        <author email="mbowler@GargoyleSoftware.com">Mike Bowler</author>
        <revision>$Revision: 1216 $</revision>
    </properties>

    <body>
        <search/>

        <menu name="SourceForge.net">
            <item
                name="SourceForge project page"
                href="http://www.sourceforge.net/projects/htmlunit"/>
            <item name="Download" href="http://sourceforge.net/project/showfiles.php?group_id=47038"/>
        </menu>
        <menu name="How do I...">
            <item name="Get started" href="/gettingStarted.html"/>
            <item name="Use the Keyboard" href="/keyboard-howto.html"/>
            <item name="Use Tables" href="/table-howto.html"/>
            <item name="Use Windows" href="/window-howto.html"/>
            <item name="Use JavaScript" href="/javascript-howto.html"/>
            <item name="Configure JSSE" href="/jsse.html"/>
        </menu>
        <menu name="User docs">
            <item name="Logging" href="/logging.html"/>
            <item name="FAQ" href="/faq.html"/>
        </menu>
        <menu name="Developer docs">
            <item name="Building from SVN" href="/buildingFromSVN.html"/>
            <item name="Coding conventions" href="/codingConventions.html"/>
            <item name="Submitting bugs" href="/submittingBugs.html"/>
            <item name="Submitting patches" href="/submittingPatches.html"/>
            <item name="JavaScript engine" href="/javascript.html"/>
            <item name="JavaScript configuration" href="/javascriptConfiguration.html"/>
            <item name="Packaging a release" href="/packagingARelease.html"/>
            <item name="TODO" href="/todo.html"/>
        </menu>

        <footer>
            <div style="text-align: right">
            Project hosting by:<br />
            <a href="http://sourceforge.net/projects/htmlunit">
            <img src="http://sourceforge.net/sflogo.php?group_id=47038&amp;type=2" alt="Sourceforge Logo" border="0" />
            </a>
            </div>
       </footer>

    </body>
</project>

