<?xml version="1.0"?>
<document>

    <properties>
        <title>TODO list</title>
        <author email="mbowler@GargoyleSoftware.com">Mike Bowler</author>
        <author email="BarnabyCourt@users.sourceforge.net">BarnabyCourt</author>
        <revision>$Revision: 753 $</revision>
    </properties>

    <body>
        <section>
            <p>
                Items on this list are planned items that aren't bugs or feature requests. In other words,
                these are all those things that need to be done but aren't listed in the sourceforge
                bug tracker.  They are in no particular order.
            </p>
        </section>

        <section name="Code todo's">
            <ol>
                <li>Have TopLevelWindow's deregister themselves with WebClient when they are closed</li>
                <li>Use HtmlUnit to verify all links in generated documentation</li>
            </ol>
        </section>

        <section name="Documentation todo's">
            <ol>
                <li>window-howto.xml</li>
                <li>Generate one big pdf from all the smaller documents</li>
                <li>XPath howto</li>
            </ol>
        </section>
    </body>
</document>

