<?xml version="1.0" encoding="UTF-8"?>

<project>
  <extend>../project.xml</extend>
  <name>Discovery</name>
  <id>commons-discovery</id>
  <currentVersion>0.2-dev</currentVersion>
  <inceptionYear>2002</inceptionYear>
  <gumpRepositoryId>jakarta</gumpRepositoryId>
  <shortDescription>Commons Discovery</shortDescription>

  <description>
    Commons Discovery
  </description>
  
  <developers>
    <developer>
      <name>Richard Sitze</name>
      <id></id>
      <email></email>
      <organization></organization>
    </developer>
    <developer>
      <name>Craig R. McClanahan</name>
      <id></id>
      <email></email>
      <organization></organization>
    </developer>
    <developer>
      <name>Costin Manolache</name>
      <id></id>
      <email></email>
      <organization></organization>
    </developer>
    <developer>
      <name>James Strachan</name>
      <id>jstrachan</id>
      <email>jstrachan@apache.org</email>
      <organization>SpiritSoft, Inc.</organization>
    </developer>
  </developers>
  
  <dependencies>

    <dependency>
      <id>commons-logging</id>
      <version>1.0.3</version>
    </dependency>

    <dependency>
      <id>junit</id>
      <version>3.7</version>
    </dependency>

  </dependencies>

  <build>
    <unitTest>
      <includes>
        <include>**/TestAll.java</include>
      </includes>
      <resources>
        <resource>
          <directory>${basedir}/src</directory>
          <includes>
            <include>**/testResource</include>
          </includes>
        </resource>
        <resource>
          <directory>${basedir}/src/test</directory>
          <includes>
            <include>**/*.properties</include>
            <include>META-INF/**</include>
          </includes>
        </resource>
      </resources>  
    </unitTest>
  </build>


</project>
