<?xml version="1.0"?>
<!--
   Copyright 2003-2004 The Apache Software Foundation

   Licensed under the Apache License, Version 2.0 (the "License");
   you may not use this file except in compliance with the License.
   You may obtain a copy of the License at

       http://www.apache.org/licenses/LICENSE-2.0

   Unless required by applicable law or agreed to in writing, software
   distributed under the License is distributed on an "AS IS" BASIS,
   WITHOUT WARRANTIES OR CONDITIONS OF ANY KIND, either express or implied.
   See the License for the specific language governing permissions and
   limitations under the License.
-->
<document>
   <properties>
      <title>Release notes for Commons-Pool 1.2</title>
      <author email="commons-dev@jakarta.apache.org">Commons Documentation Team</author>
      <revision>$Id: release-notes-1.2.xml,v 1.1 2004/05/20 15:30:18 dirkv Exp $</revision>
   </properties>

   <body>
     <section name="Release notes for Commons-Pool 1.2">
<p>
There were no mayor changes since the 1.1 release on 20 October 2003.
<ul>
<li>The following issues were resolved since v1.1: (see Bugzilla for complete description)
<table>
<tr><th>ID</th><th>Date</th><th>Sev</th><th>State</th><th>Summary</th></tr>
<tr><td><a href="http://issues.apache.org/bugzilla/show_bug.cgi?id=24864">24864</a></td><td>2004-01-19</td><td>Nor</td><td>FIXE</td><td>GenericKeyedObjectPoolFactory Config Constructor is incorrect</td></tr>
<tr><td><a href="http://issues.apache.org/bugzilla/show_bug.cgi?id=28638">28638</a></td><td>2004-04-27</td><td>Min</td><td>FIXE</td><td>Not possible to extend GenericObjectPool.returnObject() without affecting addObject()</td></tr>
</table>
</li>
</ul>
</p>
</section>
</body>
</document>

