<assembly>
  <id>bin</id>
  <formats>
    <format>tar.gz</format>
    <format>zip</format>
  </formats>
  <fileSets>
    <fileSet>
      <directory>../displaytag-doc</directory>
      <outputDirectory></outputDirectory>
      <includes>
        <include>README*</include>
        <include>LICENSE*</include>
        <include>NOTICE*</include>
      </includes>
    </fileSet>
    <fileSet>
      <directory>../displaytag/target</directory>
      <outputDirectory></outputDirectory>
      <includes>
        <include>*.jar</include>
      </includes>
      <excludes>
        <exclude>*-sources.jar</exclude>
      </excludes>
    </fileSet>
    <fileSet>
      <directory>../displaytag-export-poi/target</directory>
      <outputDirectory></outputDirectory>
      <includes>
        <include>*.jar</include>
      </includes>
      <excludes>
        <exclude>*-sources.jar</exclude>
      </excludes>
    </fileSet>
    <fileSet>
      <directory>../displaytag-portlet/target</directory>
      <outputDirectory></outputDirectory>
      <includes>
        <include>*.jar</include>
      </includes>
      <excludes>
        <exclude>*-sources.jar</exclude>
      </excludes>
    </fileSet>
    <fileSet>
      <directory>../displaytag-examples/target</directory>
      <outputDirectory></outputDirectory>
      <includes>
        <include>*.war</include>
      </includes>
    </fileSet>
    <fileSet>
      <directory>../displaytag-doc/target/site</directory>
      <outputDirectory>docs</outputDirectory>
    </fileSet>
    <fileSet>
      <directory>../displaytag/target/site</directory>
      <outputDirectory>docs/displaytag</outputDirectory>
    </fileSet>
    <fileSet>
      <directory>../displaytag-export-poi/target/site</directory>
      <outputDirectory>docs/displaytag-export-poi</outputDirectory>
    </fileSet>
    <fileSet>
      <directory>../displaytag-portlet/target/site</directory>
      <outputDirectory>docs/displaytag-portlet</outputDirectory>
    </fileSet>
    <fileSet>
      <directory>../displaytag-examples/target/site</directory>
      <outputDirectory>docs/displaytag-examples</outputDirectory>
    </fileSet>
  </fileSets>
</assembly>