<?xml version="1.0" encoding="UTF-8"?>
<project>
    <pomVersion>3</pomVersion>
    <id>htmlunit</id>
    <artifactId>htmlunit</artifactId>
    <name>htmlunit</name>
    <groupId>htmlunit</groupId>
    <currentVersion>1.10</currentVersion>
    <organization>
        <name>Gargoyle Software Inc.</name>
        <url>http://www.GargoyleSoftware.com/</url>
        <logo>/images/GargoyleSoftwareLogo.jpg</logo>
    </organization>
    <inceptionYear>2002</inceptionYear>
    <package>com.gargoylesoftware.htmlunit</package>
    <gumpRepositoryId>htmlunit</gumpRepositoryId>
    <description>A tool for testing web based applications</description>
    <shortDescription>HtmlUnit</shortDescription>
    <url>http://htmlunit.sourceforge.net</url>
    <issueTrackingUrl>http://sourceforge.net/tracker/?group_id=47038&amp;atid=448266</issueTrackingUrl>
    <siteAddress>htmlunit.sourceforge.net</siteAddress>
    <siteDirectory>/home/groups/h/ht/htmlunit/htdocs</siteDirectory>
    <distributionDirectory>/home/groups/h/ht/htmlunit/htdocs/nightly</distributionDirectory>
    <repository>
        <connection>scm:svn:https://svn.sourceforge.net/svnroot/htmlunit</connection>
        <developerConnection>scm:svn:https://${maven.username}@svn.sourceforge.net/svnroot/htmlunit</developerConnection>
        <url>https://svn.sourceforge.net/svnroot/htmlunit</url>
    </repository>
    <licenses>
        <license>
            <name>The HtmlUnit Software License</name>
            <url>http://htmlunit.sourceforge.net/license.html</url>
            <distribution>repo</distribution>
        </license>
    </licenses>
    <versions>
        <version>
            <id>2.0</id>
            <name>2.0</name>
            <tag>2.0</tag>
        </version>
    </versions>
    <mailingLists>
        <mailingList>
            <name>HtmlUnit Users</name>
            <subscribe>http://lists.sourceforge.net/lists/listinfo/htmlunit-user</subscribe>
            <unsubscribe>http://lists.sourceforge.net/lists/listinfo/htmlunit-user</unsubscribe>
            <archive>http://lists.sourceforge.net/lists/listinfo/htmlunit-user</archive>
        </mailingList>
        <mailingList>
            <name>HtmlUnit Developers</name>
            <subscribe>http://lists.sourceforge.net/lists/listinfo/htmlunit-develop</subscribe>
            <unsubscribe>http://lists.sourceforge.net/lists/listinfo/htmlunit-develop</unsubscribe>
            <archive>http://lists.sourceforge.net/lists/listinfo/htmlunit-develop</archive>
        </mailingList>
    </mailingLists>
    <developers>
        <developer>
            <name>Mike Bowler</name>
            <id>mbowler</id>
            <email>mbowler@GargoyleSoftware.com</email>
            <organization>Gargoyle Software Inc.</organization>
            <url>http://www.sphericalimprovement.com/blogs/mbowler/</url>
            <timezone>-5</timezone>
        </developer>
        <developer>
            <name>David K. Taylor</name>
            <id>dktaylor</id>
        </developer>
        <developer>
            <name>Brad Clarke</name>
            <id>yourgod</id>
            <email>yourgod@users.sourceforge.net</email>
            <url>http://www.bradclarke.com/</url>
            <timezone>-6</timezone>
        </developer>
        <developer>
            <name>Marc Guillemot</name>
            <id>mguillem</id>
            <email>mguillem@users.sourceforge.net</email>
            <timezone>+1</timezone>
        </developer>
        <developer>
            <name>Chris Erskine</name>
            <id>cerskine</id>
            <email>cerskine@users.sourceforge.net</email>
            <timezone>-7</timezone>
        </developer>
    </developers>
    <contributors>
        <contributor>
            <name>Noboru Sinohara</name>
        </contributor>
        <contributor>
            <name>Mike J. Bresnahan</name>
            <email>gudujarlson@sf.net</email>
        </contributor>
        <contributor>
            <name>Dominique Broeglin</name>
        </contributor>
        <contributor>
            <name>Alex Nikiforoff</name>
        </contributor>
        <contributor>
            <name>Barnaby Court</name>
        </contributor>
        <contributor>
            <name>Andreas Hangler</name>
        </contributor>
        <contributor>
            <name>Jun Chen</name>
            <email>chen_jun@users.sourceforge.net</email>
        </contributor>
        <contributor>
            <name>Christian Sell</name>
            <email>cse@dynabean.de</email>
        </contributor>
        <contributor>
            <name>Darrell DeBoer</name>
        </contributor>
        <contributor>
            <name>David D. Kilzer</name>
        </contributor>
        <contributor>
            <name>Ben Curren</name>
            <email>bcurren@esomnie.com</email>
        </contributor>
        <contributor>
            <name>Mike Williams</name>
        </contributor>
        <contributor>
            <name>Mike Gallaher</name>
        </contributor>
        <contributor>
            <name>Dierk Koenig</name>
        </contributor>
        <contributor>
            <name>Daniel Gredler</name>
        </contributor>
        <contributor>
            <name>Mike Bresnahan</name>
        </contributor>
        <contributor>
            <name>Sergey Gorelkin</name>
        </contributor>
        <contributor>
            <name>Chris Eldredge</name>
        </contributor>
        <contributor>
            <name>Hans Donner</name>
        </contributor>
        <contributor>
            <name>Michael Ottati</name>
        </contributor>
        <contributor>
            <name>George Murnock</name>
        </contributor>
        <contributor>
            <name>Kent Tong</name>
        </contributor>
        <contributor>
            <name>Alfred Nathaniel</name>
        </contributor>
        <contributor>
            <name>Bruce Faulkner</name>
        </contributor>
        <contributor>
        	<name>Ray Suliteanu</name>
        </contributor>
        <contributor>
        	<name>Denis N. Antonioli</name>
        </contributor>
        <contributor>
        	<name>Stefan Anzinger</name>
        </contributor>
        <contributor>
        	<name>Paul King</name>
        </contributor>
        <contributor>
        	<name>Vikram Shitole</name>
        </contributor>
        <contributor>
        	<name>Mark van Leeuwen</name>
        </contributor>
        <contributor>
        	<name>Brad Murray</name>
        </contributor>
        <contributor>
        	<name>Julien Henry</name>
        </contributor>
        <contributor>
        	<name>Andre Soereng</name>
        </contributor>
    </contributors>
    <dependencies>
        <dependency>
            <groupId>junit</groupId>
            <artifactId>junit</artifactId>
            <version>3.8.1</version>
            <type>jar</type>
            <url>http://www.junit.org/</url>
            <properties>
				<scope>test</scope>
                <htmlunit.group>test</htmlunit.group>
                <htmlunit.description>JUnit testing framework</htmlunit.description>
            </properties>
        </dependency>
        <dependency>
            <groupId>jaxen</groupId>
            <artifactId>jaxen</artifactId>
            <version>1.1-beta-11</version>
            <type>jar</type>
            <url>http://jaxen.org/</url>
            <properties>
                <htmlunit.group>required</htmlunit.group>
                <htmlunit.description>XPath support</htmlunit.description>
            </properties>
        </dependency>
        <dependency>
            <groupId>commons-collections</groupId>
            <artifactId>commons-collections</artifactId>
            <version>3.2</version>
            <type>jar</type>
            <url>http://jakarta.apache.org/commons/collections/</url>
            <properties>
                <htmlunit.group>required</htmlunit.group>
                <htmlunit.description>Collection classes</htmlunit.description>
            </properties>
        </dependency>
        <dependency>
            <groupId>commons-lang</groupId>
            <artifactId>commons-lang</artifactId>
            <version>2.1</version>
            <type>jar</type>
            <url>http://jakarta.apache.org/commons/lang</url>
            <properties>
                <htmlunit.group>required</htmlunit.group>
                <htmlunit.description>Core Language Utilities</htmlunit.description>
            </properties>
        </dependency>
        <dependency>
            <groupId>commons-httpclient</groupId>
            <artifactId>commons-httpclient</artifactId>
            <version>3.0.1</version>
            <type>jar</type>
            <url>http://jakarta.apache.org/commons/httpclient</url>
            <properties>
                <htmlunit.group>required</htmlunit.group>
                <htmlunit.description>Provides the actual http support</htmlunit.description>
            </properties>
        </dependency>
        <dependency>
            <groupId>commons-codec</groupId>
            <artifactId>commons-codec</artifactId>
            <version>1.3</version>
            <type>jar</type>
            <url>http://jakarta.apache.org/commons/codec</url>
            <properties>
                <htmlunit.group>required</htmlunit.group>
                <htmlunit.description>Provides common encoders</htmlunit.description>
            </properties>
        </dependency>
        <dependency>
            <groupId>gsbase</groupId>
            <artifactId>gsbase</artifactId>
            <version>2.0.1</version>
            <type>jar</type>
            <url>http://gsbase.sourceforge.net</url>
            <properties>
				<scope>test</scope>
                <htmlunit.group>test</htmlunit.group>
                <htmlunit.description>Misc testing support classes</htmlunit.description>
            </properties>
        </dependency>
        <dependency>
            <groupId>rhino</groupId>
            <artifactId>js</artifactId>
            <version>1.6R2</version>
            <type>jar</type>
            <url>http://www.mozilla.org/rhino</url>
            <properties>
                <htmlunit.group>required</htmlunit.group>
                <htmlunit.description>Needed for javascript support</htmlunit.description>
            </properties>
        </dependency>
        <dependency>
            <groupId>xerces</groupId>
            <artifactId>xercesImpl</artifactId>
            <version>2.6.2</version>
            <type>jar</type>
            <url>http://xml.apache.org/xerces2-j/index.html</url>
            <properties>
                <htmlunit.group>required</htmlunit.group>
                <htmlunit.description>XML Parser</htmlunit.description>
            </properties>
        </dependency>
        <dependency>
            <groupId>xerces</groupId>
            <artifactId>xmlParserAPIs</artifactId>
            <version>2.6.2</version>
            <type>jar</type>
            <url>http://xml.apache.org/xerces2-j/index.html</url>
            <properties>
                <htmlunit.group>required</htmlunit.group>
                <htmlunit.description>XML Parser</htmlunit.description>
            </properties>
        </dependency>
        <dependency>
            <groupId>nekohtml</groupId>
            <artifactId>nekohtml</artifactId>
            <version>0.9.5</version>
            <type>jar</type>
            <url>http://people.apache.org/~andyc/neko/doc/html/</url>
            <properties>
                <htmlunit.group>required</htmlunit.group>
                <htmlunit.description>Converts html into an XML DOM model</htmlunit.description>
            </properties>
        </dependency>
        <dependency>
            <groupId>commons-logging</groupId>
            <artifactId>commons-logging</artifactId>
            <version>1.1</version>
            <type>jar</type>
            <url>http://jakarta.apache.org/commons/logging/</url>
            <properties>
                <htmlunit.group>required</htmlunit.group>
                <htmlunit.description>Logging support</htmlunit.description>
            </properties>
        </dependency>
        <dependency>
            <groupId>commons-io</groupId>
            <artifactId>commons-io</artifactId>
            <version>1.2</version>
            <type>jar</type>
            <url>http://jakarta.apache.org/commons/io/</url>
            <properties>
                <htmlunit.group>required</htmlunit.group>
                <htmlunit.description>IO utilities</htmlunit.description>
            </properties>
        </dependency>
        <dependency>
            <groupId>jetty</groupId>
            <artifactId>org.mortbay.jetty</artifactId>
            <version>5.1.4</version>
            <type>jar</type>
            <url>http://jetty.mortbay.org/jetty/</url>
            <properties>
				<scope>test</scope>
                <htmlunit.group>test</htmlunit.group>
                <htmlunit.description>Jetty</htmlunit.description>
            </properties>
        </dependency>
        <dependency>
            <groupId>javax.servlet</groupId>
            <artifactId>servlet-api</artifactId>
            <version>2.4</version>
            <type>jar</type>
            <url>http://java.sun.com/products/servlet/index.jsp</url>
            <properties>
				<scope>test</scope>
                <htmlunit.group>test</htmlunit.group>
                <htmlunit.description>Jetty</htmlunit.description>
            </properties>
        </dependency>
    </dependencies>
    <build>
        <nagEmailAddress>htmlunit@GargoyleSoftware.com</nagEmailAddress>
        <sourceDirectory>src/java</sourceDirectory>
        <unitTestSourceDirectory>src/test/java</unitTestSourceDirectory>
        <unitTest>
            <includes>
                <include>**/*Test.java</include>
            </includes>
        </unitTest>
    </build>
</project>

